Handle,Title,Body (HTML),Vendor,Type,Tags,Published,Option1 Name,Option1 Value,Option2 Name,Option2 Value,Option3 Name,Option3 Value,Variant SKU,Variant Grams,Variant Inventory Tracker,Variant Inventory Qty,Variant Inventory Policy,Variant Fulfillment Service,Variant Price,Variant Compare At Price,Variant Requires Shipping,Variant Taxable,Variant Barcode,Image Src,Image Position,Image Alt Text,Gift Card,Google Shopping / MPN,Google Shopping / Age Group,Google Shopping / Gender,Google Shopping / Google Product Category,SEO Title,SEO Description,Google Shopping / AdWords Grouping,Google Shopping / AdWords Labels,Google Shopping / Condition,Google Shopping / Custom Product,Google Shopping / Custom Label 0,Google Shopping / Custom Label 1,Google Shopping / Custom Label 2,Google Shopping / Custom Label 3,Google Shopping / Custom Label 4,Variant Image,Variant Weight Unit,Variant Tax Code,Cost per item
versace-custom-bedding-set-2duvet-cover-pillowcases-exr8182-1391,Versace Custom Bedding Set #2(Duvet Cover & Pillowcases) EXR8182,"<p><strong>Personalize Your Name or Customize Design On Product As Your Wishes&nbsp;</strong></p>
<p>Create impressive look and feel with this new bedding designed by our professional designer team. Our bedding set is made from 100% polyester microfiber. The polyester material is super soft allowing a comfortable nights sleep through any season <strong>It?s all in the details:</strong></p>
<ul>
<li><strong>MADE WITH CARE:</strong>&nbsp;&nbsp;Our duvet covers are securely sewn and have a hidden zipper envelope closure that makes it easy to place your new duvet comforter into the cover. Ties have been added to the inside of the cover at the corners to hold the duvet in place to avoid bunching. The Pillowcases are also finished neatly with the same envelope closures.</li>
</ul>
<ul>
<li><strong>QUALITY MATERIALS:</strong>&nbsp;&nbsp;Breathable with durable stitching and made from incredibly soft cotton/microfiber that is just as comfortable against your skin as they are cool to look at.</li>
</ul>
<ul>
<li><strong>MADE TO LAST:</strong>&nbsp;&nbsp;Stain, shrink and wrinkle resistant. Our high quality printing process produces a high resolution picture and vibrant colors will not fade after multiple washings.</li>
</ul>
<p><strong>Bedding Size Chart</strong></p>
<p><em>Twin Size:</em><br>1 Quilt cover 68 x 86 inch (172 x 218 cm)<br>2 Pillowcase 19 x 29 inch (50 x 75 cm)<br>Flat sheet 63 x 90 inch (160 x 230 cm)</p>
<p><em>Full Size:</em><br>1 Quilt cover 79 x 90 inch (200 x 229 cm)<br>2 Pillowcase 19 x 29 inch (50 x 75 cm)<br>Flat sheet 90 x 90 inch (230 x 230 cm)</p>
<p><em>Queen Size:</em><br>1 Quilt cover 90 x 90 inch (228 x 228 cm)<br>2 Pillowcase 19 x 29 inch (50 x 75 cm)<br>Flat sheet 90 x 90 inch (230 x 230 cm)</p>
<p><em>King Size:</em><br>1 Quilt cover 102 x 90 inch (259 x 229 cm)<br>2 Pillowcase 20 x 36 inch (51 x 91 cm)<br>Flat sheet 92 x 98 inch (234 x 250 cm)</p>
<p><em>Cal King Size:</em><br>1 Quilt cover 104 x 94 inch (264 x 239 cm)<br>2 Pillowcase 20 x 36 inch (51 x 91 cm )<br>Flat sheet 92 x 98 inch (234 x 250 cm)</p>
<p><strong>Note:</strong> Please read the Bedding Size information carefully before buying. We DO NOT ACCEPT return, refund, exchange due to wrong size ordered from the customer. <br><br><strong>Care instructions:</strong></p>
<ul>
<li>Separate into the light and dark colors then wash.</li>
<li>Machine wash cold, gentle cycle.</li>
<li>Water temperature should not exceed 86?F/30?C.</li>
<li>Do not bleach. Tumble dry low, remove promptly, do not iron. Do not put liquid laundry detergents on the bedding directly, please allow it to dissolve in the water first.</li>
</ul>",,,sc-10198088-size-chart-371,TRUE,Size,Twin,Type,Quilt Cover + 2 Pillow Cases,,,S220222_craw_beddingset_72358,0,,999,deny,manual,69.588,,TRUE,,,https://img.btdmp.com/10256/10256202/products/1633428807e841cbbdc4.jpeg,1,Versace Custom Bedding Set #2(Duvet Cover & Pillowcases) EXR8182,FALSE,,Adult,Unisex,,Versace Custom Bedding Set #2(Duvet Cover & Pillowcases) EXR8182,,,,new,FALSE,,,,,,,lb,,69.588
versace-custom-bedding-set-2duvet-cover-pillowcases-exr8182-1391,,,,,,,,Full,,Quilt Cover + 2 Pillow Cases,,,S220222_craw_beddingset_72359,0,,999,deny,manual,79.188,,TRUE,,,,,,FALSE,,Adult,Unisex,,Versace Custom Bedding Set #2(Duvet Cover & Pillowcases) EXR8182,,,,new,FALSE,,,,,,,lb,,79.188
versace-custom-bedding-set-2duvet-cover-pillowcases-exr8182-1391,,,,,,,,Queen,,Quilt Cover + 2 Pillow Cases,,,S220222_craw_beddingset_72360,0,,999,deny,manual,91.188,,TRUE,,,,,,FALSE,,Adult,Unisex,,Versace Custom Bedding Set #2(Duvet Cover & Pillowcases) EXR8182,,,,new,FALSE,,,,,,,lb,,91.188
versace-custom-bedding-set-2duvet-cover-pillowcases-exr8182-1391,,,,,,,,King,,Quilt Cover + 2 Pillow Cases,,,S220222_craw_beddingset_72361,0,,999,deny,manual,103.188,,TRUE,,,,,,FALSE,,Adult,Unisex,,Versace Custom Bedding Set #2(Duvet Cover & Pillowcases) EXR8182,,,,new,FALSE,,,,,,,lb,,103.188
versace-custom-bedding-set-2duvet-cover-pillowcases-exr8182-1391,,,,,,,,CAL King,,Quilt Cover + 2 Pillow Cases,,,S220222_craw_beddingset_72362,0,,999,deny,manual,115.188,,TRUE,,,,,,FALSE,,Adult,Unisex,,Versace Custom Bedding Set #2(Duvet Cover & Pillowcases) EXR8182,,,,new,FALSE,,,,,,,lb,,115.188
versace-custom-bedding-set-2duvet-cover-pillowcases-exr8182-1391,,,,,,,,Twin,,Quilt Cover + FlatSheet + 2 Pillow Cases,,,S220222_craw_beddingset_72363,0,,999,deny,manual,103.188,,TRUE,,,,,,FALSE,,Adult,Unisex,,Versace Custom Bedding Set #2(Duvet Cover & Pillowcases) EXR8182,,,,new,FALSE,,,,,,,lb,,103.188
versace-custom-bedding-set-2duvet-cover-pillowcases-exr8182-1391,,,,,,,,Full,,Quilt Cover + FlatSheet + 2 Pillow Cases,,,S220222_craw_beddingset_72364,0,,999,deny,manual,115.188,,TRUE,,,,,,FALSE,,Adult,Unisex,,Versace Custom Bedding Set #2(Duvet Cover & Pillowcases) EXR8182,,,,new,FALSE,,,,,,,lb,,115.188
versace-custom-bedding-set-2duvet-cover-pillowcases-exr8182-1391,,,,,,,,Queen,,Quilt Cover + FlatSheet + 2 Pillow Cases,,,S220222_craw_beddingset_72365,0,,999,deny,manual,127.188,,TRUE,,,,,,FALSE,,Adult,Unisex,,Versace Custom Bedding Set #2(Duvet Cover & Pillowcases) EXR8182,,,,new,FALSE,,,,,,,lb,,127.188
versace-custom-bedding-set-2duvet-cover-pillowcases-exr8182-1391,,,,,,,,King,,Quilt Cover + FlatSheet + 2 Pillow Cases,,,S220222_craw_beddingset_72366,0,,999,deny,manual,139.188,,TRUE,,,,,,FALSE,,Adult,Unisex,,Versace Custom Bedding Set #2(Duvet Cover & Pillowcases) EXR8182,,,,new,FALSE,,,,,,,lb,,139.188
versace-custom-bedding-set-2duvet-cover-pillowcases-exr8182-1391,,,,,,,,CAL King,,Quilt Cover + FlatSheet + 2 Pillow Cases,,,S220222_craw_beddingset_72367,0,,999,deny,manual,151.188,,TRUE,,,,,,FALSE,,Adult,Unisex,,Versace Custom Bedding Set #2(Duvet Cover & Pillowcases) EXR8182,,,,new,FALSE,,,,,,,lb,,151.188
louis-vuitton-11-3d-personalized-customized-bedding-sets-duvet-cover-bedroom-sets-bedset-bedlinen-2384,Louis Vuitton #11 3D Personalized Customized Bedding Sets Duvet Cover Bedroom Sets Bedset Bedlinen,"<p><strong>Personalize Your Name or Customize Design On Product As Your Wishes&nbsp;</strong></p>
<p>Create impressive look and feel with this new bedding designed by our professional designer team. Our bedding set is made from 100% polyester microfiber. The polyester material is super soft allowing a comfortable nights sleep through any season <strong>It?s all in the details:</strong></p>
<ul>
<li><strong>MADE WITH CARE:</strong>&nbsp;&nbsp;Our duvet covers are securely sewn and have a hidden zipper envelope closure that makes it easy to place your new duvet comforter into the cover. Ties have been added to the inside of the cover at the corners to hold the duvet in place to avoid bunching. The Pillowcases are also finished neatly with the same envelope closures.</li>
</ul>
<ul>
<li><strong>QUALITY MATERIALS:</strong>&nbsp;&nbsp;Breathable with durable stitching and made from incredibly soft cotton/microfiber that is just as comfortable against your skin as they are cool to look at.</li>
</ul>
<ul>
<li><strong>MADE TO LAST:</strong>&nbsp;&nbsp;Stain, shrink and wrinkle resistant. Our high quality printing process produces a high resolution picture and vibrant colors will not fade after multiple washings.</li>
</ul>
<p><strong>Bedding Size Chart</strong></p>
<p><em>Twin Size:</em><br>1 Quilt cover 68 x 86 inch (172 x 218 cm)<br>2 Pillowcase 19 x 29 inch (50 x 75 cm)<br>Flat sheet 63 x 90 inch (160 x 230 cm)</p>
<p><em>Full Size:</em><br>1 Quilt cover 79 x 90 inch (200 x 229 cm)<br>2 Pillowcase 19 x 29 inch (50 x 75 cm)<br>Flat sheet 90 x 90 inch (230 x 230 cm)</p>
<p><em>Queen Size:</em><br>1 Quilt cover 90 x 90 inch (228 x 228 cm)<br>2 Pillowcase 19 x 29 inch (50 x 75 cm)<br>Flat sheet 90 x 90 inch (230 x 230 cm)</p>
<p><em>King Size:</em><br>1 Quilt cover 102 x 90 inch (259 x 229 cm)<br>2 Pillowcase 20 x 36 inch (51 x 91 cm)<br>Flat sheet 92 x 98 inch (234 x 250 cm)</p>
<p><em>Cal King Size:</em><br>1 Quilt cover 104 x 94 inch (264 x 239 cm)<br>2 Pillowcase 20 x 36 inch (51 x 91 cm )<br>Flat sheet 92 x 98 inch (234 x 250 cm)</p>
<p><strong>Note:</strong> Please read the Bedding Size information carefully before buying. We DO NOT ACCEPT return, refund, exchange due to wrong size ordered from the customer. <br><br><strong>Care instructions:</strong></p>
<ul>
<li>Separate into the light and dark colors then wash.</li>
<li>Machine wash cold, gentle cycle.</li>
<li>Water temperature should not exceed 86?F/30?C.</li>
<li>Do not bleach. Tumble dry low, remove promptly, do not iron. Do not put liquid laundry detergents on the bedding directly, please allow it to dissolve in the water first.</li>
</ul>",,,sc-10198088-size-chart-371,TRUE,Size,Twin,Type,Quilt Cover + 2 Pillow Cases,,,S220222_craw_beddingset_72388,0,,999,deny,manual,69.588,,TRUE,,,https://img.btdmp.com/10256/10256202/products/16334288071886c62c56.jpeg,1,Louis Vuitton #11 3D Personalized Customized Bedding Sets Duvet Cover Bedroom Sets Bedset Bedlinen,FALSE,,Adult,Unisex,,Louis Vuitton #11 3D Personalized Customized Bedding Sets Duvet Cover Bedroom Sets Bedset Bedlinen,,,,new,FALSE,,,,,,,lb,,69.588
louis-vuitton-11-3d-personalized-customized-bedding-sets-duvet-cover-bedroom-sets-bedset-bedlinen-2384,,,,,,,,Full,,Quilt Cover + 2 Pillow Cases,,,S220222_craw_beddingset_72389,0,,999,deny,manual,79.188,,TRUE,,,,,,FALSE,,Adult,Unisex,,Louis Vuitton #11 3D Personalized Customized Bedding Sets Duvet Cover Bedroom Sets Bedset Bedlinen,,,,new,FALSE,,,,,,,lb,,79.188
louis-vuitton-11-3d-personalized-customized-bedding-sets-duvet-cover-bedroom-sets-bedset-bedlinen-2384,,,,,,,,Queen,,Quilt Cover + 2 Pillow Cases,,,S220222_craw_beddingset_72390,0,,999,deny,manual,91.188,,TRUE,,,,,,FALSE,,Adult,Unisex,,Louis Vuitton #11 3D Personalized Customized Bedding Sets Duvet Cover Bedroom Sets Bedset Bedlinen,,,,new,FALSE,,,,,,,lb,,91.188
louis-vuitton-11-3d-personalized-customized-bedding-sets-duvet-cover-bedroom-sets-bedset-bedlinen-2384,,,,,,,,King,,Quilt Cover + 2 Pillow Cases,,,S220222_craw_beddingset_72391,0,,999,deny,manual,103.188,,TRUE,,,,,,FALSE,,Adult,Unisex,,Louis Vuitton #11 3D Personalized Customized Bedding Sets Duvet Cover Bedroom Sets Bedset Bedlinen,,,,new,FALSE,,,,,,,lb,,103.188
louis-vuitton-11-3d-personalized-customized-bedding-sets-duvet-cover-bedroom-sets-bedset-bedlinen-2384,,,,,,,,CAL King,,Quilt Cover + 2 Pillow Cases,,,S220222_craw_beddingset_72392,0,,999,deny,manual,115.188,,TRUE,,,,,,FALSE,,Adult,Unisex,,Louis Vuitton #11 3D Personalized Customized Bedding Sets Duvet Cover Bedroom Sets Bedset Bedlinen,,,,new,FALSE,,,,,,,lb,,115.188
louis-vuitton-11-3d-personalized-customized-bedding-sets-duvet-cover-bedroom-sets-bedset-bedlinen-2384,,,,,,,,Twin,,Quilt Cover + FlatSheet + 2 Pillow Cases,,,S220222_craw_beddingset_72393,0,,999,deny,manual,103.188,,TRUE,,,,,,FALSE,,Adult,Unisex,,Louis Vuitton #11 3D Personalized Customized Bedding Sets Duvet Cover Bedroom Sets Bedset Bedlinen,,,,new,FALSE,,,,,,,lb,,103.188
louis-vuitton-11-3d-personalized-customized-bedding-sets-duvet-cover-bedroom-sets-bedset-bedlinen-2384,,,,,,,,Full,,Quilt Cover + FlatSheet + 2 Pillow Cases,,,S220222_craw_beddingset_72394,0,,999,deny,manual,115.188,,TRUE,,,,,,FALSE,,Adult,Unisex,,Louis Vuitton #11 3D Personalized Customized Bedding Sets Duvet Cover Bedroom Sets Bedset Bedlinen,,,,new,FALSE,,,,,,,lb,,115.188
louis-vuitton-11-3d-personalized-customized-bedding-sets-duvet-cover-bedroom-sets-bedset-bedlinen-2384,,,,,,,,Queen,,Quilt Cover + FlatSheet + 2 Pillow Cases,,,S220222_craw_beddingset_72395,0,,999,deny,manual,127.188,,TRUE,,,,,,FALSE,,Adult,Unisex,,Louis Vuitton #11 3D Personalized Customized Bedding Sets Duvet Cover Bedroom Sets Bedset Bedlinen,,,,new,FALSE,,,,,,,lb,,127.188
louis-vuitton-11-3d-personalized-customized-bedding-sets-duvet-cover-bedroom-sets-bedset-bedlinen-2384,,,,,,,,King,,Quilt Cover + FlatSheet + 2 Pillow Cases,,,S220222_craw_beddingset_72396,0,,999,deny,manual,139.188,,TRUE,,,,,,FALSE,,Adult,Unisex,,Louis Vuitton #11 3D Personalized Customized Bedding Sets Duvet Cover Bedroom Sets Bedset Bedlinen,,,,new,FALSE,,,,,,,lb,,139.188
louis-vuitton-11-3d-personalized-customized-bedding-sets-duvet-cover-bedroom-sets-bedset-bedlinen-2384,,,,,,,,CAL King,,Quilt Cover + FlatSheet + 2 Pillow Cases,,,S220222_craw_beddingset_72397,0,,999,deny,manual,151.188,,TRUE,,,,,,FALSE,,Adult,Unisex,,Louis Vuitton #11 3D Personalized Customized Bedding Sets Duvet Cover Bedroom Sets Bedset Bedlinen,,,,new,FALSE,,,,,,,lb,,151.188
viol-gucci-inspired-3d-customized-bedding-sets-duvet-cover-bedlinen-bed-set-7987,Viol Gucci Inspired 3D Customized Bedding Sets Duvet Cover Bedlinen Bed set,"<p><strong>Personalize Your Name or Customize Design On Product As Your Wishes&nbsp;</strong></p>
<p>Create impressive look and feel with this new bedding designed by our professional designer team. Our bedding set is made from 100% polyester microfiber. The polyester material is super soft allowing a comfortable nights sleep through any season <strong>It?s all in the details:</strong></p>
<ul>
<li><strong>MADE WITH CARE:</strong>&nbsp;&nbsp;Our duvet covers are securely sewn and have a hidden zipper envelope closure that makes it easy to place your new duvet comforter into the cover. Ties have been added to the inside of the cover at the corners to hold the duvet in place to avoid bunching. The Pillowcases are also finished neatly with the same envelope closures.</li>
</ul>
<ul>
<li><strong>QUALITY MATERIALS:</strong>&nbsp;&nbsp;Breathable with durable stitching and made from incredibly soft cotton/microfiber that is just as comfortable against your skin as they are cool to look at.</li>
</ul>
<ul>
<li><strong>MADE TO LAST:</strong>&nbsp;&nbsp;Stain, shrink and wrinkle resistant. Our high quality printing process produces a high resolution picture and vibrant colors will not fade after multiple washings.</li>
</ul>
<p><strong>Bedding Size Chart</strong></p>
<p><em>Twin Size:</em><br>1 Quilt cover 68 x 86 inch (172 x 218 cm)<br>2 Pillowcase 19 x 29 inch (50 x 75 cm)<br>Flat sheet 63 x 90 inch (160 x 230 cm)</p>
<p><em>Full Size:</em><br>1 Quilt cover 79 x 90 inch (200 x 229 cm)<br>2 Pillowcase 19 x 29 inch (50 x 75 cm)<br>Flat sheet 90 x 90 inch (230 x 230 cm)</p>
<p><em>Queen Size:</em><br>1 Quilt cover 90 x 90 inch (228 x 228 cm)<br>2 Pillowcase 19 x 29 inch (50 x 75 cm)<br>Flat sheet 90 x 90 inch (230 x 230 cm)</p>
<p><em>King Size:</em><br>1 Quilt cover 102 x 90 inch (259 x 229 cm)<br>2 Pillowcase 20 x 36 inch (51 x 91 cm)<br>Flat sheet 92 x 98 inch (234 x 250 cm)</p>
<p><em>Cal King Size:</em><br>1 Quilt cover 104 x 94 inch (264 x 239 cm)<br>2 Pillowcase 20 x 36 inch (51 x 91 cm )<br>Flat sheet 92 x 98 inch (234 x 250 cm)</p>
<p><strong>Note:</strong> Please read the Bedding Size information carefully before buying. We DO NOT ACCEPT return, refund, exchange due to wrong size ordered from the customer. <br><br><strong>Care instructions:</strong></p>
<ul>
<li>Separate into the light and dark colors then wash.</li>
<li>Machine wash cold, gentle cycle.</li>
<li>Water temperature should not exceed 86?F/30?C.</li>
<li>Do not bleach. Tumble dry low, remove promptly, do not iron. Do not put liquid laundry detergents on the bedding directly, please allow it to dissolve in the water first.</li>
</ul>",,,sc-10198088-size-chart-371,TRUE,Size,Twin,Type,Quilt Cover + 2 Pillow Cases,,,S220222_craw_beddingset_72418,0,,999,deny,manual,69.588,,TRUE,,,https://img.btdmp.com/10256/10256202/products/163342880795b4151e20.jpeg,1,Viol Gucci Inspired 3D Customized Bedding Sets Duvet Cover Bedlinen Bed set,FALSE,,Adult,Unisex,,Viol Gucci Inspired 3D Customized Bedding Sets Duvet Cover Bedlinen Bed set,,,,new,FALSE,,,,,,,lb,,69.588
viol-gucci-inspired-3d-customized-bedding-sets-duvet-cover-bedlinen-bed-set-7987,,,,,,,,Full,,Quilt Cover + 2 Pillow Cases,,,S220222_craw_beddingset_72419,0,,999,deny,manual,79.188,,TRUE,,,,,,FALSE,,Adult,Unisex,,Viol Gucci Inspired 3D Customized Bedding Sets Duvet Cover Bedlinen Bed set,,,,new,FALSE,,,,,,,lb,,79.188
viol-gucci-inspired-3d-customized-bedding-sets-duvet-cover-bedlinen-bed-set-7987,,,,,,,,Queen,,Quilt Cover + 2 Pillow Cases,,,S220222_craw_beddingset_72420,0,,999,deny,manual,91.188,,TRUE,,,,,,FALSE,,Adult,Unisex,,Viol Gucci Inspired 3D Customized Bedding Sets Duvet Cover Bedlinen Bed set,,,,new,FALSE,,,,,,,lb,,91.188
viol-gucci-inspired-3d-customized-bedding-sets-duvet-cover-bedlinen-bed-set-7987,,,,,,,,King,,Quilt Cover + 2 Pillow Cases,,,S220222_craw_beddingset_72421,0,,999,deny,manual,103.188,,TRUE,,,,,,FALSE,,Adult,Unisex,,Viol Gucci Inspired 3D Customized Bedding Sets Duvet Cover Bedlinen Bed set,,,,new,FALSE,,,,,,,lb,,103.188
viol-gucci-inspired-3d-customized-bedding-sets-duvet-cover-bedlinen-bed-set-7987,,,,,,,,CAL King,,Quilt Cover + 2 Pillow Cases,,,S220222_craw_beddingset_72422,0,,999,deny,manual,115.188,,TRUE,,,,,,FALSE,,Adult,Unisex,,Viol Gucci Inspired 3D Customized Bedding Sets Duvet Cover Bedlinen Bed set,,,,new,FALSE,,,,,,,lb,,115.188
viol-gucci-inspired-3d-customized-bedding-sets-duvet-cover-bedlinen-bed-set-7987,,,,,,,,Twin,,Quilt Cover + FlatSheet + 2 Pillow Cases,,,S220222_craw_beddingset_72423,0,,999,deny,manual,103.188,,TRUE,,,,,,FALSE,,Adult,Unisex,,Viol Gucci Inspired 3D Customized Bedding Sets Duvet Cover Bedlinen Bed set,,,,new,FALSE,,,,,,,lb,,103.188
viol-gucci-inspired-3d-customized-bedding-sets-duvet-cover-bedlinen-bed-set-7987,,,,,,,,Full,,Quilt Cover + FlatSheet + 2 Pillow Cases,,,S220222_craw_beddingset_72424,0,,999,deny,manual,115.188,,TRUE,,,,,,FALSE,,Adult,Unisex,,Viol Gucci Inspired 3D Customized Bedding Sets Duvet Cover Bedlinen Bed set,,,,new,FALSE,,,,,,,lb,,115.188
viol-gucci-inspired-3d-customized-bedding-sets-duvet-cover-bedlinen-bed-set-7987,,,,,,,,Queen,,Quilt Cover + FlatSheet + 2 Pillow Cases,,,S220222_craw_beddingset_72425,0,,999,deny,manual,127.188,,TRUE,,,,,,FALSE,,Adult,Unisex,,Viol Gucci Inspired 3D Customized Bedding Sets Duvet Cover Bedlinen Bed set,,,,new,FALSE,,,,,,,lb,,127.188
viol-gucci-inspired-3d-customized-bedding-sets-duvet-cover-bedlinen-bed-set-7987,,,,,,,,King,,Quilt Cover + FlatSheet + 2 Pillow Cases,,,S220222_craw_beddingset_72426,0,,999,deny,manual,139.188,,TRUE,,,,,,FALSE,,Adult,Unisex,,Viol Gucci Inspired 3D Customized Bedding Sets Duvet Cover Bedlinen Bed set,,,,new,FALSE,,,,,,,lb,,139.188
viol-gucci-inspired-3d-customized-bedding-sets-duvet-cover-bedlinen-bed-set-7987,,,,,,,,CAL King,,Quilt Cover + FlatSheet + 2 Pillow Cases,,,S220222_craw_beddingset_72427,0,,999,deny,manual,151.188,,TRUE,,,,,,FALSE,,Adult,Unisex,,Viol Gucci Inspired 3D Customized Bedding Sets Duvet Cover Bedlinen Bed set,,,,new,FALSE,,,,,,,lb,,151.188
hermes-inspired-2-bedroom-duvet-cover-bedding-sets-2114,Hermes Inspired #2 Bedroom Duvet Cover Bedding Sets,"<p><strong>Personalize Your Name or Customize Design On Product As Your Wishes&nbsp;</strong></p>
<p>Create impressive look and feel with this new bedding designed by our professional designer team. Our bedding set is made from 100% polyester microfiber. The polyester material is super soft allowing a comfortable nights sleep through any season <strong>It?s all in the details:</strong></p>
<ul>
<li><strong>MADE WITH CARE:</strong>&nbsp;&nbsp;Our duvet covers are securely sewn and have a hidden zipper envelope closure that makes it easy to place your new duvet comforter into the cover. Ties have been added to the inside of the cover at the corners to hold the duvet in place to avoid bunching. The Pillowcases are also finished neatly with the same envelope closures.</li>
</ul>
<ul>
<li><strong>QUALITY MATERIALS:</strong>&nbsp;&nbsp;Breathable with durable stitching and made from incredibly soft cotton/microfiber that is just as comfortable against your skin as they are cool to look at.</li>
</ul>
<ul>
<li><strong>MADE TO LAST:</strong>&nbsp;&nbsp;Stain, shrink and wrinkle resistant. Our high quality printing process produces a high resolution picture and vibrant colors will not fade after multiple washings.</li>
</ul>
<p><strong>Bedding Size Chart</strong></p>
<p><em>Twin Size:</em><br>1 Quilt cover 68 x 86 inch (172 x 218 cm)<br>2 Pillowcase 19 x 29 inch (50 x 75 cm)<br>Flat sheet 63 x 90 inch (160 x 230 cm)</p>
<p><em>Full Size:</em><br>1 Quilt cover 79 x 90 inch (200 x 229 cm)<br>2 Pillowcase 19 x 29 inch (50 x 75 cm)<br>Flat sheet 90 x 90 inch (230 x 230 cm)</p>
<p><em>Queen Size:</em><br>1 Quilt cover 90 x 90 inch (228 x 228 cm)<br>2 Pillowcase 19 x 29 inch (50 x 75 cm)<br>Flat sheet 90 x 90 inch (230 x 230 cm)</p>
<p><em>King Size:</em><br>1 Quilt cover 102 x 90 inch (259 x 229 cm)<br>2 Pillowcase 20 x 36 inch (51 x 91 cm)<br>Flat sheet 92 x 98 inch (234 x 250 cm)</p>
<p><em>Cal King Size:</em><br>1 Quilt cover 104 x 94 inch (264 x 239 cm)<br>2 Pillowcase 20 x 36 inch (51 x 91 cm )<br>Flat sheet 92 x 98 inch (234 x 250 cm)</p>
<p><strong>Note:</strong> Please read the Bedding Size information carefully before buying. We DO NOT ACCEPT return, refund, exchange due to wrong size ordered from the customer. <br><br><strong>Care instructions:</strong></p>
<ul>
<li>Separate into the light and dark colors then wash.</li>
<li>Machine wash cold, gentle cycle.</li>
<li>Water temperature should not exceed 86?F/30?C.</li>
<li>Do not bleach. Tumble dry low, remove promptly, do not iron. Do not put liquid laundry detergents on the bedding directly, please allow it to dissolve in the water first.</li>
</ul>",,,sc-10198088-size-chart-371,TRUE,Size,Twin,Types,Quilt Cover + 2 Pillow Cases,,,S220222_craw_beddingset_72448,0,,999,deny,manual,70.74,,TRUE,,,https://img.btdmp.com/10256/10256202/products/1633428807c45326b945.jpeg,1,Hermes Inspired #2 Bedroom Duvet Cover Bedding Sets,FALSE,,Adult,Unisex,,Hermes Inspired #2 Bedroom Duvet Cover Bedding Sets,,,,new,FALSE,,,,,,,lb,,70.74
hermes-inspired-2-bedroom-duvet-cover-bedding-sets-2114,,,,,,,,Full,,Quilt Cover + 2 Pillow Cases,,,S220222_craw_beddingset_72449,0,,999,deny,manual,77.94,,TRUE,,,,,,FALSE,,Adult,Unisex,,Hermes Inspired #2 Bedroom Duvet Cover Bedding Sets,,,,new,FALSE,,,,,,,lb,,77.94
hermes-inspired-2-bedroom-duvet-cover-bedding-sets-2114,,,,,,,,Queen,,Quilt Cover + 2 Pillow Cases,,,S220222_craw_beddingset_72450,0,,999,deny,manual,89.94,,TRUE,,,,,,FALSE,,Adult,Unisex,,Hermes Inspired #2 Bedroom Duvet Cover Bedding Sets,,,,new,FALSE,,,,,,,lb,,89.94
hermes-inspired-2-bedroom-duvet-cover-bedding-sets-2114,,,,,,,,King,,Quilt Cover + 2 Pillow Cases,,,S220222_craw_beddingset_72451,0,,999,deny,manual,101.94,,TRUE,,,,,,FALSE,,Adult,Unisex,,Hermes Inspired #2 Bedroom Duvet Cover Bedding Sets,,,,new,FALSE,,,,,,,lb,,101.94
hermes-inspired-2-bedroom-duvet-cover-bedding-sets-2114,,,,,,,,CAL King,,Quilt Cover + 2 Pillow Cases,,,S220222_craw_beddingset_72452,0,,999,deny,manual,113.94,,TRUE,,,,,,FALSE,,Adult,Unisex,,Hermes Inspired #2 Bedroom Duvet Cover Bedding Sets,,,,new,FALSE,,,,,,,lb,,113.94
hermes-inspired-2-bedroom-duvet-cover-bedding-sets-2114,,,,,,,,Twin,,Quilt Cover + FlatSheet + 2 Pillow Cases,,,S220222_craw_beddingset_72453,0,,999,deny,manual,101.94,,TRUE,,,,,,FALSE,,Adult,Unisex,,Hermes Inspired #2 Bedroom Duvet Cover Bedding Sets,,,,new,FALSE,,,,,,,lb,,101.94
hermes-inspired-2-bedroom-duvet-cover-bedding-sets-2114,,,,,,,,Full,,Quilt Cover + FlatSheet + 2 Pillow Cases,,,S220222_craw_beddingset_72454,0,,999,deny,manual,113.94,,TRUE,,,,,,FALSE,,Adult,Unisex,,Hermes Inspired #2 Bedroom Duvet Cover Bedding Sets,,,,new,FALSE,,,,,,,lb,,113.94
hermes-inspired-2-bedroom-duvet-cover-bedding-sets-2114,,,,,,,,Queen,,Quilt Cover + FlatSheet + 2 Pillow Cases,,,S220222_craw_beddingset_72455,0,,999,deny,manual,125.94,,TRUE,,,,,,FALSE,,Adult,Unisex,,Hermes Inspired #2 Bedroom Duvet Cover Bedding Sets,,,,new,FALSE,,,,,,,lb,,125.94
hermes-inspired-2-bedroom-duvet-cover-bedding-sets-2114,,,,,,,,King,,Quilt Cover + FlatSheet + 2 Pillow Cases,,,S220222_craw_beddingset_72456,0,,999,deny,manual,137.94,,TRUE,,,,,,FALSE,,Adult,Unisex,,Hermes Inspired #2 Bedroom Duvet Cover Bedding Sets,,,,new,FALSE,,,,,,,lb,,137.94
hermes-inspired-2-bedroom-duvet-cover-bedding-sets-2114,,,,,,,,CAL King,,Quilt Cover + FlatSheet + 2 Pillow Cases,,,S220222_craw_beddingset_72457,0,,999,deny,manual,149.94,,TRUE,,,,,,FALSE,,Adult,Unisex,,Hermes Inspired #2 Bedroom Duvet Cover Bedding Sets,,,,new,FALSE,,,,,,,lb,,149.94
